Bobina Bankes,7 Pine View Plaza,El Paso,TX,79916
Augie Commusso,51 South Center,Arvada,CO,80005
Wolf Forlong,75644 Reinke Circle,Cape Coral,FL,33915
Boy Tonbye,9767 Magdeline Pass,Pasadena,CA,91131
Cordi Horribine,8812 Corben Street,Dallas,TX,75236
Giffard Pauley,36 Manufacturers Pass,Chicago,IL,60604
Theresa Kingescot,5645 Merrick Center,Kansas City,KS,66105
Karoline Goldring,540 Ridgeway Trail,Houston,TX,77085
Walden Dullingham,773 Union Plaza,Fort Pierce,FL,34981
Erik Goldstone,63768 Towne Parkway,Newark,DE,19714
Gaynor Sherme,4 Forest Terrace,Spokane,WA,99210
Darryl Woolacott,5385 Bellgrove Hill,Shreveport,LA,71115
Rosita Astlet,03545 Eastwood Terrace,Miami,FL,33261
Thurstan Hiom,3 Golf View Street,Canton,OH,44760
Camile Carrick,5390 Schlimgen Lane,Ogden,UT,84409
Avis Ksandra,7 West Avenue,Erie,PA,16565
Martie Kollaschek,723 Autumn Leaf Crossing,Pasadena,CA,91125
Zenia Kocher,02 Lyons Crossing,Seattle,WA,98127
Ulberto Foulsham,24360 Shopko Crossing,Lancaster,PA,17605
Gustie Sheen,73 Schlimgen Parkway,New Orleans,LA,70183
Helli Hinchshaw,675 Declaration Trail,Philadelphia,PA,19125
Kalli Philimore,93 Vermont Plaza,New York City,NY,10260
Anderson Roscher,4 Londonderry Point,New York City,NY,10105
Glory Charlwood,929 Oxford Way,El Paso,TX,79923
Bink Tresvina,8 Gale Alley,Gastonia,NC,28055
Myra Officer,75 Gina Park,Elizabeth,NJ,07208
Archibaldo Delmonti,2542 Carey Way,Amarillo,TX,79165
Stirling Clynman,7619 Dakota Drive,Laurel,MD,20709
Aylmar Ellington,63 Gale Road,Houston,TX,77075
Clem Yate,6160 Forster Lane,Sandy,UT,84093
Bentlee Marquis,9 Hintze Trail,Bellevue,WA,98008
Winnifred Tibbles,7 Linden Avenue,New York City,NY,10045
Micah Blowin,5157 Arrowood Park,Houston,TX,77045
Shurlock Lorenzin,44286 Barby Way,Muskegon,MI,49444
Simon MacCallion,5 Nobel Hill,Atlanta,GA,31136
Trista Jarville,56540 Chinook Junction,Charlottesville,VA,22903
Venus Litchfield,1 Commercial Point,Pensacola,FL,32511
Breena Friedlos,8644 Marquette Road,Topeka,KS,66611
Vincenz D'Alessio,8 Golden Leaf Avenue,Des Moines,IA,50335
Kerri Dufer,703 Russell Lane,Syracuse,NY,13224
Frankie Cousans,052 Melvin Plaza,Sunnyvale,CA,94089
Butch McEwan,02043 Coleman Trail,Saint Louis,MO,63121
Edyth Semarke,8 Cordelia Hill,Birmingham,AL,35244
Zacharia Sheeres,2 Northfield Park,Fort Worth,TX,76105
Tara Beckinsale,3499 Larry Plaza,Staten Island,NY,10305
Danyelle Jobbings,2172 Hovde Avenue,Chattanooga,TN,37450
Thorstein Chable,9 Elgar Crossing,Lexington,KY,40586
Claudia Tarquini,14 Wayridge Court,Chicago,IL,60681
Katharina Puddan,5 Luster Center,Tacoma,WA,98405
Chalmers Kop,165 Merrick Trail,Saint Paul,MN,55123
Shawna Markos,3 Lillian Crossing,Salt Lake City,UT,84125
Cherye Benit,016 Fieldstone Terrace,Evansville,IN,47732
Audra Heavy,24494 Commercial Trail,York,PA,17405
Wylma Domleo,23 Hermina Trail,Fairbanks,AK,99709
Idell Comsty,909 Maple Wood Drive,Mansfield,OH,44905
Park Clist,858 Hoepker Circle,West Hartford,CT,06127
Dominic Dalziell,07106 Melvin Lane,Austin,TX,78732
Auroora Ughelli,328 Coolidge Pass,Fresno,CA,93762
Reeva Hanbury-Brown,7395 Nancy Avenue,Durham,NC,27705
Liliane Coleshill,59149 Dahle Plaza,Utica,NY,13505
Norry Vasyukhichev,362 Charing Cross Avenue,Indianapolis,IN,46254
Spence Umfrey,2195 Tomscot Circle,Birmingham,AL,35254
Ulrike Chree,5985 Rowland Place,Syracuse,NY,13205
Carina Degli Abbati,3862 Moose Lane,London,KY,40745
Kathie Paulsson,00395 Service Lane,Lexington,KY,40586
Gordy Eborn,3 Acker Junction,Houston,TX,77070
Lodovico Pedro,807 Loomis Place,Lancaster,CA,93584
Pascale Tilney,5068 Commercial Center,Pensacola,FL,32511
Binny Swinden,4740 Sutteridge Park,Grand Forks,ND,58207
Edithe Kesper,21 Fairview Plaza,Kansas City,MO,64187
Isaiah Jerram,1473 Iowa Court,Shawnee Mission,KS,66215
Prue Crosston,1 Browning Park,San Francisco,CA,94164
Reilly Wemyss,3087 Carey Trail,Austin,TX,78710
Phelia Clemoes,35945 Manitowish Crossing,Dallas,TX,75353
Filide Shewen,341 Crownhardt Alley,Baton Rouge,LA,70883
Turner Powlett,2509 Raven Crossing,Columbia,SC,29203
Seumas Balma,68835 Superior Pass,Memphis,TN,38109
Vidovik Bastian,635 Longview Court,Baltimore,MD,21275
Tobias Perrygo,65010 Kensington Court,Decatur,IL,62525
Junette Niessen,23 Alpine Lane,Hayward,CA,94544
Devonna Gall,0011 Fuller Hill,Washington,DC,20210
Joly Colter,0447 Hoepker Terrace,Cleveland,OH,44185
Ara Lowden,2 Hazelcrest Road,Southfield,MI,48076
Aloysius Gerrit,6427 Dayton Parkway,Phoenix,AZ,85020
Mina Divers,743 Westend Center,Pittsburgh,PA,15279
Christopher Cloney,14482 Anniversary Way,Philadelphia,PA,19109
Charity Eisak,48207 American Hill,New York City,NY,10019
Koral Venes,173 Thackeray Point,Vancouver,WA,98664
Murvyn Kepe,82 American Hill,Jacksonville,FL,32244
Idaline Vyel,020 Green Ridge Trail,Buffalo,NY,14269
Hyacinthe Sudron,364 West Lane,Lexington,KY,40591
Robert Cabell,0 Cordelia Street,Columbia,SC,29225
Gregorio Harradine,81842 Morningstar Drive,Allentown,PA,18105
Sterne Yatman,5 Memorial Junction,Garland,TX,75049
Thorndike Le Gall,2 Summer Ridge Hill,Topeka,KS,66617
Rowena Grennan,1264 Boyd Hill,Jamaica,NY,11447
Nedda Whitely,079 Elmside Lane,Springfield,MA,01152
Conney Innman,1 Washington Terrace,San Francisco,CA,94164
Kamillah Shercliff,40 Fairview Pass,Kansas City,MO,64193
Mikkel Haskins,92295 Corscot Lane,Prescott,AZ,86305
Doria Clappison,73072 Tony Court,San Antonio,TX,78225
Bronson Tootell,5952 Hagan Junction,Huntsville,AL,35815
Stella Bartelot,6 Mifflin Crossing,San Antonio,TX,78291
Rosalinde Blackley,92148 Kedzie Way,San Francisco,CA,94159
Sandor Lawful,8 New Castle Center,Huntington,WV,25721
Walton Coen,2 Rutledge Pass,Midland,MI,48670
Cordelie Westwick,5 Atwood Junction,Dallas,TX,75205
Dilly Brabham,0 Lawn Center,Sacramento,CA,95833
Eloise Everiss,2381 Monterey Crossing,Kansas City,KS,66160
Brandais Goggins,22 Thompson Court,Clearwater,FL,33758
Bobette Dommett,026 Merrick Court,Newark,NJ,07188
Kaspar McCloy,2560 Talisman Avenue,Ridgely,MD,21684
Maighdiln Pears,6870 Namekagon Hill,Fairbanks,AK,99709
Collete Weeks,0658 Wayridge Pass,Phoenix,AZ,85045
Randy Vater,51345 Oxford Plaza,Houston,TX,77035
Ephrayim Awcoate,9 Gulseth Trail,Indianapolis,IN,46295
Rodrigo Dilleston,197 2nd Plaza,Charlotte,NC,28230
Merill Volleth,24818 Rockefeller Terrace,Greensboro,NC,27415
Andrea Catteroll,69126 Lien Trail,Reno,NV,89505
Brenn Gylle,3983 Hintze Point,Fort Myers,FL,33994
Tiler Matthewman,7894 Meadow Ridge Alley,Chula Vista,CA,91913
Son Agass,93873 5th Pass,Amarillo,TX,79165
Paolina Filippyev,2109 Gina Junction,Salt Lake City,UT,84125
Olwen Cocker,41394 Lunder Point,Anaheim,CA,92825
Ceil Philipsson,982 Waxwing Way,Tucson,AZ,85710
Karole Loade,48051 Sycamore Center,Detroit,MI,48206
Serena Cassidy,1 Cambridge Pass,Tampa,FL,33647
Nate Mumbray,105 Buell Terrace,Boston,MA,02216
Nikos Mossman,4312 Bartillon Crossing,Tucson,AZ,85705
Melvyn Bainbridge,205 Victoria Circle,Minneapolis,MN,55402
Kelsi Gleadle,230 Toban Park,Atlanta,GA,30356
Kleon Parrish,212 Lakewood Gardens Trail,Saint Paul,MN,55114
Zaneta Milington,98301 Sunnyside Circle,Jacksonville,FL,32209
Cristie Championnet,284 Sherman Park,Cleveland,OH,44130
Bevan Dungay,7 Sutherland Park,Boston,MA,02109
Rollin Bellworthy,3011 Pierstorff Junction,Charlotte,NC,28242
Skipp Poker,16111 Di Loreto Hill,Santa Ana,CA,92725
Kristian Batthew,423 Harper Alley,Orlando,FL,32868
Garrick Van der Kruis,71 Charing Cross Drive,Amarillo,TX,79159
Natty Awde,7697 Bobwhite Point,Phoenix,AZ,85005
Gabrielle McDermot,451 Anthes Drive,South Bend,IN,46620
Arlette Berthel,41 Hagan Place,Bakersfield,CA,93399
Hale Grumell,46 Spaight Terrace,Orange,CA,92862
Elysee D'Oyley,8116 Kropf Hill,San Diego,CA,92153
Magdalena Wince,3935 Fisk Street,Cincinnati,OH,45249
Kain Beddon,3047 Miller Pass,Naples,FL,33961
Avigdor Clogg,2915 Tomscot Junction,Hartford,CT,06145
Nial Tante,457 Clyde Gallagher Way,New York City,NY,10260
Nert Kem,3283 Emmet Drive,Miami,FL,33124
Marsiella Pencost,47114 Sutherland Pass,Greensboro,NC,27404
Reginald Hargreaves,7 Dunning Place,Brooklyn,NY,11254
Kip Westphal,45 Northland Way,Cleveland,OH,44130
Neddy Gasker,25 Oriole Center,Wichita,KS,67236
Stacee Tidmas,952 Goodland Terrace,Hialeah,FL,33018
Yoko Ead,7 Almo Way,Jamaica,NY,11436
Jaclyn Akid,4912 Lillian Crossing,Corpus Christi,TX,78410
Bjorn Grimston,5688 Bultman Point,Washington,DC,20551
Dionne Peniman,142 6th Court,Abilene,TX,79699
Aloysius Sam,65 Springs Avenue,Omaha,NE,68105
Constancia Chell,77585 Waywood Avenue,Midland,TX,79705
Dian Farndale,6601 Emmet Plaza,Shawnee Mission,KS,66220
Nelle Stollhofer,00921 Delladonna Pass,Rockford,IL,61110
Eveline Elmhurst,236 Meadow Ridge Park,Lynchburg,VA,24515
Tania Rosenau,110 Browning Avenue,Pensacola,FL,32590
Loralyn Knevet,1047 Fordem Parkway,Tyler,TX,75705
Janetta Bertson,20 Stephen Hill,Memphis,TN,38119
Stewart Baress,533 Rusk Junction,Syracuse,NY,13210
Gerta Wesgate,740 Derek Pass,Trenton,NJ,08603
Rodolph Clemits,09 Rieder Road,Troy,MI,48098
Alexine Scothorn,6 Columbus Junction,Amarillo,TX,79182
Dory Du Hamel,1 Hoffman Way,Monticello,MN,55585
Terese Molfino,15172 Valley Edge Circle,Redwood City,CA,94064
Daile O'Fallone,28352 Russell Avenue,Carol Stream,IL,60351
Conrado Louca,5051 Kropf Hill,San Francisco,CA,94116
Vinnie Moses,6224 Fisk Trail,Nashville,TN,37245
Vivia Larrosa,7 Mockingbird Terrace,Phoenix,AZ,85010
Adore Holtaway,4 Susan Junction,Kansas City,KS,66105
Irvin Tringham,88416 Marcy Court,Pasadena,CA,91186
Thain Scarisbrick,0 Eliot Street,Albuquerque,NM,87195
Filide Copner,6 Lakeland Terrace,Suffolk,VA,23436
Hewett McWard,4090 Redwing Lane,New York City,NY,10150
Devina Kemery,901 Pierstorff Avenue,Boston,MA,02119
Ajay Tabner,44822 Maple Place,San Francisco,CA,94142
Dennison Udey,56 Maywood Alley,Los Angeles,CA,90060
Erminie Rean,36529 Nancy Plaza,Milwaukee,WI,53285
Alys Loveland,9 Londonderry Way,Mobile,AL,36689
Dannie Seckington,755 Vermont Alley,Reston,VA,22096
Peder Iliffe,14 Sherman Trail,Salt Lake City,UT,84140
Waldemar Redfearn,13 Donald Point,Alexandria,VA,22309
Cissiee Breen,81 Kim Street,Provo,UT,84605
Allissa Keddy,4389 Ryan Trail,Dallas,TX,75231
Cleo Espin,9758 Surrey Alley,Sterling,VA,20167
Nappy Affleck,76208 Swallow Hill,Rochester,NY,14619
Nicolais Andriesse,156 Menomonie Pass,Paterson,NJ,07544
Darbie Mushawe,71126 Monica Pass,Virginia Beach,VA,23464
Urbanus Ridsdole,397 Esker Point,Tucson,AZ,85715
Silas Gillbey,8 Fallview Court,Honolulu,HI,96820
Tuck Snoxell,62 Oriole Terrace,Syracuse,NY,13251
Brady Fiske,3 Harbort Junction,Abilene,TX,79699
Brittan Petera,275 Mesta Plaza,Los Angeles,CA,90094
Bianca Allott,8494 Doe Crossing Crossing,Norfolk,VA,23504
Lydia Saphir,78304 Vidon Place,Lubbock,TX,79452
Von Lidbetter,559 Fremont Lane,Syracuse,NY,13224
Walther Flory,39 Arrowood Junction,Portland,ME,04109
Gery Vigietti,8339 Susan Alley,New York City,NY,10105
Gerri Darton,42662 Raven Circle,Washington,DC,20238
Whitney Mycock,028 Bellgrove Junction,Young America,MN,55551
Aluino Beardon,1994 Banding Terrace,Birmingham,AL,35205
Cosimo Erlam,7799 Ryan Hill,Atlanta,GA,30368
Teodorico Greenwell,48689 Dakota Pass,New Orleans,LA,70149
Gayla Arnaudi,96 Bartelt Pass,Washington,DC,20022
Meg Morley,8860 Stone Corner Street,Hollywood,FL,33028
Siegfried Sukbhans,64893 Westerfield Junction,Kansas City,MO,64160
Winthrop Fittall,3642 Melrose Place,Harrisburg,PA,17126
Colver Ceresa,829 Loftsgordon Plaza,Oklahoma City,OK,73104
Luci Ochiltree,631 Harbort Crossing,Wilkes Barre,PA,18706
Coral Harrod,0 Grim Hill,New Haven,CT,06520
Natassia Champley,85 Fremont Pass,Reno,NV,89550
Alie Elcoat,0 Shelley Place,Jacksonville,FL,32220
Bayard Reveley,7 Moose Way,Boynton Beach,FL,33436
Natal Billyard,36 Goodland Pass,New Orleans,LA,70129
Donnell Brastead,64324 Kingsford Trail,San Diego,CA,92115
Cosme Twaits,1837 Nelson Circle,Ann Arbor,MI,48107
Cliff Ocklin,92718 Pearson Drive,Bakersfield,CA,93311
Berti Chell,0 Prairie Rose Drive,Hollywood,FL,33028
Amara Bendall,53550 Moulton Junction,Gainesville,FL,32627
Kitty Jagels,697 Cardinal Court,Raleigh,NC,27635
Raoul Blood,1223 Glendale Road,Oklahoma City,OK,73114
Goldie Wheildon,74 Moland Hill,Phoenix,AZ,85099
Enrichetta Mitchely,00268 Lotheville Lane,El Paso,TX,88546
Devy von Hagt,665 Holy Cross Center,Dallas,TX,75372
Hamish Topley,6 Mendota Parkway,Washington,DC,20414
Gaelan Ranns,973 Pearson Hill,Aurora,CO,80044
Nev Brader,38484 Cardinal Way,Louisville,KY,40256
Angelia Flippelli,8 Scott Alley,Orlando,FL,32813
Eliot Rawlings,9051 Montana Lane,Philadelphia,PA,19093
Nanice Gallafant,2 Veith Alley,Falls Church,VA,22047
Kelsey Dono,5 Independence Trail,Reading,PA,19610
Leontine Jorcke,075 Thierer Street,Scranton,PA,18505
Liane Valance,9 Sommers Court,Indianapolis,IN,46202
Melosa Crighton,337 Weeping Birch Crossing,Gastonia,NC,28055
Melba Mathon,2 Mcbride Road,New York City,NY,10045
Cordelia Hegarty,4 Green Circle,Hartford,CT,06140
Erich Winscomb,5149 Laurel Pass,Chicago,IL,60681
Anders Grayshan,57 Merry Parkway,Saint Paul,MN,55188
Reba Jozsa,863 Muir Alley,Charlotte,NC,28299
Kerrill Greatreax,427 6th Plaza,El Paso,TX,79916
Edi Ramirez,28970 6th Park,Grand Rapids,MI,49505
Justis Coleman,63787 Russell Court,South Bend,IN,46699
Nani Harford,2797 Bluestem Pass,San Antonio,TX,78235
Lorrayne Pods,04 Victoria Hill,Evansville,IN,47725
Jakie Durrant,423 Pearson Avenue,Huntington,WV,25721
Blake Donovin,91632 Butterfield Road,Stockton,CA,95205
Terese Anker,14 Kingsford Parkway,Mesa,AZ,85210
Whitney Enga,265 Larry Pass,Houston,TX,77212
Natalya Stallworthy,0823 Dahle Court,Cleveland,OH,44125
Henry Mercik,8415 Brentwood Avenue,Orlando,FL,32830
Pierre Reeme,617 Monument Way,Fresno,CA,93786
Roland Silversmid,46 Tomscot Pass,Tacoma,WA,98405
Sylvester Raggett,65 Village Green Court,Wichita,KS,67230
Henri Greeding,4187 Ilene Street,Oakland,CA,94622
Nessy Coats,0247 Barnett Point,Nashville,TN,37228
Barbabas Kitteringham,5931 Ridge Oak Road,Hattiesburg,MS,39404
Aubree Rains,78 Loomis Way,Orlando,FL,32813
Stavros Bridden,3 Badeau Avenue,Saint Paul,MN,55166
Euphemia Bartelet,6 Loftsgordon Parkway,Greensboro,NC,27415
Fanni Mathews,06 Boyd Circle,Sacramento,CA,95818
Harrie Brosenius,465 Kenwood Terrace,Duluth,GA,30195
Domeniga Gloucester,2494 Montana Avenue,Dallas,TX,75379
Casey Sinnat,92106 Morning Plaza,Fort Smith,AR,72905
Hedvig Seger,73571 Bonner Center,New York City,NY,10014
Vasily Carlyle,21539 Macpherson Point,Houston,TX,77095
Laurice Tarplee,4619 Springview Avenue,Cedar Rapids,IA,52410
Marius Whal,165 Coolidge Trail,Lexington,KY,40546
Lonny Takis,414 Farwell Lane,Irving,TX,75062
Skelly Wisedale,86220 Clove Road,Syracuse,NY,13210
Felecia Weedall,329 Talmadge Court,Trenton,NJ,08695
Neila Hannam,60203 Village Road,Seattle,WA,98115
Thomasin McNirlin,32 Lakewood Pass,Scottsdale,AZ,85255
Mil Thomkins,03 Sloan Circle,Peoria,AZ,85383
Clemmy Guirard,38 Fairfield Point,Philadelphia,PA,19109
Fleurette Regan,5512 Loomis Drive,Kent,WA,98042
Wayland Helleker,592 Dawn Avenue,Cleveland,OH,44105
Rana Ferron,16949 Huxley Avenue,Beaumont,TX,77713
Adara Kivell,59775 Green Junction,Virginia Beach,VA,23454
Damita Mead,1 Pond Parkway,Oklahoma City,OK,73197
Lucia Bonhill,21 Red Cloud Center,Rockford,IL,61105
Modestine Ambage,144 Scott Court,Salt Lake City,UT,84105
Alford Shreve,42 Nova Parkway,Brooklyn,NY,11220
Matteo Ambrogetti,05 Quincy Avenue,Metairie,LA,70033
Luciana Bondy,756 Kim Pass,Phoenix,AZ,85025
Eloise Favell,0954 Susan Plaza,Migrate,KY,41905
Carleton Brimilcombe,212 Packers Crossing,Amarillo,TX,79165
Alia Byne,71 Fairfield Drive,Miami,FL,33147
Burton Mesias,69 Myrtle Way,Pomona,CA,91797
Hermann Dykas,58 Miller Park,Silver Spring,MD,20904
Margette Corringham,377 West Lane,Fort Lauderdale,FL,33320
Richart Vollam,42640 Mallard Parkway,Atlanta,GA,30301
Cristobal MacGaffey,2 Badeau Point,Des Moines,IA,50305
Rod Coaten,6 Hoffman Junction,Wilmington,DE,19886
Candra Crossman,28 Pleasure Avenue,Dearborn,MI,48126
Filberte Earwaker,4970 Myrtle Junction,Sacramento,CA,94263
Blinnie Oldridge,44 Sutherland Park,Baton Rouge,LA,70836
Tressa Apedaile,89231 Forest Dale Center,Bradenton,FL,34205
Keith Matuszak,4 Mallory Pass,Pompano Beach,FL,33069
Thatcher Crichmere,16 Ronald Regan Crossing,Mesquite,TX,75185
Penelope Russi,1124 Gateway Plaza,Little Rock,AR,72209
Artemis Brandrick,869 Sullivan Junction,Wichita,KS,67230
Thacher Noice,259 Anniversary Junction,Sacramento,CA,94230
Alethea Hickinbottom,34912 Grayhawk Road,Orlando,FL,32808
Sarge Ivins,3245 Elka Junction,Atlanta,GA,30351
Thaddus Mehew,67 Kipling Avenue,Clearwater,FL,34629
Michail Adshed,4743 Armistice Circle,Gainesville,GA,30506
Kerwin Kermath,5 Northridge Street,Charleston,WV,25389
Beltran Petr,27674 Arrowood Trail,Santa Ana,CA,92705
Jarrid Chomley,8 Russell Terrace,Fresno,CA,93704
Bank Bockh,5360 Brickson Park Plaza,Provo,UT,84605
Gaby Murrigans,265 Ramsey Park,San Jose,CA,95123
Belinda Hurworth,0 Pearson Hill,Kissimmee,FL,34745
Ikey Di Matteo,34 Dovetail Terrace,Memphis,TN,38150
Jard Fogarty,3569 Melby Circle,Paterson,NJ,07522
Ashla Kitson,14 Starling Street,Orange,CA,92668
Tanny Marling,3036 David Parkway,Sacramento,CA,95828
Eugenie Freddi,086 Carberry Trail,Atlanta,GA,30316
Essy Chasemoore,5 Dunning Drive,Washington,DC,20409
Maible Legh,922 Hansons Alley,Reston,VA,22096
Rahel Paprotny,488 Holy Cross Plaza,Saint Louis,MO,63110
Nickolai Dugan,0 Hudson Park,Wilkes Barre,PA,18768
Guglielma Pawlick,8 Union Street,Beaufort,SC,29905
Melony Cornbell,6 Arizona Plaza,Bowie,MD,20719
Gloriana Roland,295 Schlimgen Way,Wichita,KS,67215
Chancey Dyett,7 Towne Hill,Charlotte,NC,28299
Klarika Lode,61285 Sherman Crossing,San Francisco,CA,94164
Bendick Engel,4098 Truax Circle,Alexandria,VA,22313
Delia Schleicher,5 Melvin Way,Portland,OR,97232
Rosamund Jocelyn,644 Crescent Oaks Circle,Hartford,CT,06152
Debby Safe,44 Mayer Alley,Springfield,VA,22156
Sheryl Fusedale,30719 Oriole Lane,Erie,PA,16505
Edlin Spearing,5403 Sullivan Point,Largo,FL,34643
Garrik Andrzejowski,31228 Express Pass,Boise,ID,83705
Sherman Deveril,51259 Debs Park,San Francisco,CA,94147
Gwendolyn Joriot,9309 Larry Lane,Albuquerque,NM,87115
Fin Chambers,4 Maple Junction,Brooklyn,NY,11215
Maighdiln Santacrole,70 Mayfield Road,Garland,TX,75049
Steffie O'Donnell,04 Kenwood Drive,Washington,DC,20599
Gibbie Spofford,254 Corscot Point,Norman,OK,73071
Alonso Philcock,3586 Portage Terrace,New York City,NY,10249
Ezekiel Brik,828 Independence Junction,North Port,FL,34290
Hamil McNish,0 Anderson Center,Miami,FL,33175
Yuri Camel,513 Marcy Center,Norfolk,VA,23514
Arturo Normavill,252 Hazelcrest Road,Richmond,VA,23293
Cash Hayhurst,35 Golden Leaf Pass,Wilmington,NC,28410
Cortie Hopkins,6084 Mosinee Park,Lexington,KY,40581
Helge Cello,3127 Autumn Leaf Court,South Bend,IN,46634
Lenard Escott,537 Continental Place,Orlando,FL,32813
Brig Sauvan,46606 Cottonwood Avenue,Birmingham,AL,35279
Ariella Ethridge,85 Kings Crossing,Flushing,NY,11355
Luz Matushevitz,90245 Coolidge Junction,Bakersfield,CA,93381
Percy Richmont,8 Dapin Court,Birmingham,AL,35244
Chryste Cotton,98886 Merrick Crossing,Greenville,SC,29605
Dorian Harley,706 Mitchell Drive,Charlottesville,VA,22903
Gillan Renowden,291 Eastlawn Avenue,Washington,DC,20525
Melissa Gittings,57234 Merrick Road,Jamaica,NY,11499
Gray Ambrose,0746 Oak Alley,Moreno Valley,CA,92555
Hazlett Pulster,1 Esch Trail,Columbus,OH,43210
Courtnay Nelles,96238 Tony Plaza,Denver,CO,80249
Cathrine Larmouth,7039 Carberry Hill,New York City,NY,10019
Milka Venes,07 Stang Plaza,Largo,FL,33777
Pearl Riceards,4 Parkside Alley,Portland,ME,04109
Hartwell Gantz,9026 Schlimgen Drive,Houston,TX,77240
Ramonda Balsellie,39048 Glendale Circle,Wilmington,DE,19892
Dulcy Sotheron,57 Barby Circle,Houston,TX,77010
Glennis Wilderspoon,4 Anzinger Pass,Duluth,GA,30195
Denis Iliff,1 Montana Plaza,Newton,MA,02162
Rosette Riedel,51 Harper Lane,Tallahassee,FL,32309
Rex Tremble,1 Westerfield Point,Las Vegas,NV,89155
Perry Blyde,2716 Corscot Way,Philadelphia,PA,19141
Jeramie Adamsson,82 Northfield Court,Irving,TX,75062
Betta Glidden,409 Golf Road,Anaheim,CA,92812
Hermy Gillebert,719 Helena Trail,Santa Monica,CA,90410
Bess Ghidoli,7 Prairie Rose Plaza,Scottsdale,AZ,85271
Sherie Gillino,45 Knutson Street,Charlotte,NC,28284
Devi Bethell,65357 Texas Parkway,Dallas,TX,75260
Lanita Genese,758 Vidon Alley,Washington,DC,20530
Henry MacClay,42667 Hazelcrest Parkway,Boston,MA,02119
Tarrance Cowland,63627 Tennyson Avenue,Tampa,FL,33686
Emma Pursehouse,889 Eagan Hill,Saint Petersburg,FL,33737
Alexandra Vader,3 Aberg Street,Raleigh,NC,27615
Jillie Coventry,90185 Holmberg Court,Phoenix,AZ,85030
Sherman Neville,692 Hayes Road,Young America,MN,55564
Katee Kleinplac,330 Namekagon Terrace,Charlotte,NC,28235
Taddeo Belt,1 Kensington Pass,Tuscaloosa,AL,35405
Andie Rohan,6095 Roxbury Park,Pittsburgh,PA,15250
Bastian Pomfrey,5241 Fuller Way,Roanoke,VA,24014
Brandise MacShane,6 Tomscot Crossing,Chicago,IL,60604
Gard Harnett,30214 Morning Parkway,Rochester,NY,14683
Ines Cullerne,504 Esch Circle,Buffalo,NY,14215
Bancroft Holt,2632 Manley Lane,Corpus Christi,TX,78470
Ardine Heditch,6 Judy Point,Visalia,CA,93291
Montague Rennebach,19499 Basil Crossing,Oakland,CA,94622
Kele Hendron,4744 Briar Crest Circle,Sunnyvale,CA,94089
Greggory Turn,3030 Hoepker Terrace,Oklahoma City,OK,73147
Dominga Peyton,06 Spenser Drive,Daytona Beach,FL,32118
Wallis Bugge,8404 Pierstorff Alley,Fort Wayne,IN,46805
Cordula Uzzell,0280 Westerfield Center,Houston,TX,77085
Netti Brimner,57 Tony Terrace,Huntsville,AL,35895
Ginni McKoy,7897 Cody Parkway,Pensacola,FL,32526
Gertie Sheara,1 Annamark Parkway,Kansas City,KS,66112
Braden Kefford,2 Fordem Place,Tucson,AZ,85732
Lurette McGrouther,2623 Magdeline Junction,Huntington Beach,CA,92648
Doreen Empson,7710 Kedzie Trail,Pensacola,FL,32526
Ermanno Coogan,851 Upham Hill,Roanoke,VA,24004
Judy Vize,79 American Road,Wilmington,DE,19897
Demetris Garritley,76892 Kennedy Street,Philadelphia,PA,19120
Janean Cowhig,68542 Old Gate Road,Fresno,CA,93740
Dannie Evens,06884 Blaine Point,Amarillo,TX,79159
Sebastien Rucklidge,24100 Claremont Plaza,Dallas,TX,75265
Sammy McVee,45650 Golf Park,Marietta,GA,30061
Jesus Prazor,8962 Coolidge Road,Visalia,CA,93291
Hartwell Tunnadine,0 Comanche Street,Jamaica,NY,11447
Jess O'Dooghaine,6 Hansons Crossing,Naples,FL,33961
Hanni Coste,27599 Sutherland Way,Champaign,IL,61825
Haywood Cavnor,1659 Sachs Trail,Omaha,NE,68117
Trefor Lorkins,9775 Boyd Circle,Pittsburgh,PA,15279
Nathalia Daventry,9334 Debra Place,Brooklyn,NY,11236
Charla Bullion,083 Grasskamp Court,Cincinnati,OH,45249
Wolfie Wolverson,7679 Bluestem Way,Milwaukee,WI,53215
Silvia Ottosen,27 Messerschmidt Hill,Panama City,FL,32405
Jarvis Sager,67214 Reinke Center,Austin,TX,78726
Bethany Sanpher,53 Loftsgordon Circle,New York City,NY,10120
Lanae Dumberell,83 Anderson Plaza,Portland,OR,97296
Gerda Deverale,8 Norway Maple Court,Fort Lauderdale,FL,33336
Thomasin Cockley,23020 Steensland Alley,Birmingham,AL,35215
Rhea Caccavella,163 Talisman Crossing,Richmond,VA,23208
Roldan Roscrigg,7 Luster Lane,Tampa,FL,33633
Aili Churchouse,5 Vidon Terrace,Kansas City,MO,64114
Ginnifer Mulhall,58 Corry Street,Seattle,WA,98127
Agata Syson,22 Londonderry Pass,Tulsa,OK,74133
Byrann Harbar,993 Doe Crossing Street,Los Angeles,CA,90076
Lucilia Hailes,48 Bluejay Avenue,Des Moines,IA,50347
Caitlin Goldthorpe,84 Morningstar Point,Dallas,TX,75221
Lincoln Parcall,0 Eagan Lane,Tampa,FL,33610
Opalina Dorin,73000 Novick Way,Cambridge,MA,02142
Kanya Nary,0284 Derek Lane,Pittsburgh,PA,15266
Nickie Castletine,1481 Helena Alley,Los Angeles,CA,90020
Rozele Mullane,9 Fulton Plaza,Las Vegas,NV,89125
Gerta Norvel,82 Porter Junction,Alexandria,LA,71307
Hugh Obert,97146 Holy Cross Road,Sparks,NV,89436
Samaria Carlile,779 Loeprich Trail,Des Moines,IA,50310
Clemente Hansbury,586 Mariners Cove Center,Albany,NY,12262
Trula Dreier,25094 Crest Line Street,Kansas City,MO,64101
Ernaline Curgenven,59278 Veith Avenue,Cleveland,OH,44197
Astrix Mitrikhin,0733 Raven Court,Cleveland,OH,44177
Nicole Snipe,761 Kennedy Junction,Lubbock,TX,79491
Molly Baudoux,19803 Goodland Plaza,Houston,TX,77055
Wyndham Fulmen,9 Acker Place,Danbury,CT,06816
Kilian Sperry,47872 Lawn Trail,Winston Salem,NC,27150
Lesli Winston,49 Logan Terrace,Pittsburgh,PA,15210
Rakel Dodworth,8 Stone Corner Alley,Jacksonville,FL,32215
Kimberley Rantoul,9525 Anderson Street,Santa Fe,NM,87505
Tybi Siccombe,917 Warbler Lane,San Francisco,CA,94105
Nigel Weiner,5671 Stoughton Lane,El Paso,TX,79911
Yehudi Skerm,10 Alpine Lane,Lincoln,NE,68517
Allistir Hayman,561 Mcguire Terrace,Jacksonville,FL,32230
Dolly Kenealy,2 Mendota Drive,Omaha,NE,68144
Yale Danslow,862 Warbler Place,Columbia,SC,29220
Sara Keetch,939 Mesta Hill,Memphis,TN,38168
Lilias Timothy,32358 Donald Alley,Phoenix,AZ,85030
Adeline Sayward,16595 Schmedeman Junction,Lynchburg,VA,24515
Abigail Skipsea,50399 Merrick Pass,Los Angeles,CA,90189
Avictor Mapp,16 Comanche Point,New York City,NY,10045
Lacee Rowling,39890 Forest Pass,Saint Paul,MN,55114
Ansel Turbern,631 Twin Pines Lane,Wilmington,DE,19892
Frannie Aps,512 American Ash Way,Dallas,TX,75392
Madalena Sergeant,491 Green Ridge Hill,Houston,TX,77260
Uriel Whatman,86 Tony Junction,Trenton,NJ,08638
Leisha Crocker,547 Gerald Street,Charlotte,NC,28235
Jessika Duckerin,107 Redwing Hill,Inglewood,CA,90398
Genni Golsthorp,56394 Blaine Way,New York City,NY,10004
Hobie Draper,9376 Caliangt Hill,Davenport,IA,52804
Petr Darell,5 Garrison Parkway,Miami Beach,FL,33141
Herby Hasker,347 Mcguire Street,Akron,OH,44329
Curcio Scullion,46216 Monica Circle,Washington,DC,20370
Dante Menpes,42 Schmedeman Pass,Young America,MN,55573
Neal Bernardeschi,16851 Canary Avenue,Santa Monica,CA,90405
Romy Smethurst,3784 Schiller Center,Gainesville,FL,32610
Misti Reinbech,2554 Cordelia Park,Fort Worth,TX,76115
Pollyanna McMearty,23519 David Center,Newark,NJ,07188
Ives Romao,3 Amoth Park,Phoenix,AZ,85010
Minna Thalmann,97961 Weeping Birch Street,Merrifield,VA,22119
Jennette Covotto,1828 Vera Trail,Detroit,MI,48224
Nathanael Longmate,17 Linden Avenue,Denver,CO,80209
Waring Broadstock,1869 Pepper Wood Pass,Seattle,WA,98158
Lisabeth Cleen,9488 Sunbrook Lane,Littleton,CO,80161
Zebadiah Bushby,3756 Monterey Parkway,Sacramento,CA,95833
Mohammed Matthiesen,51 Colorado Road,Kansas City,MO,64130
Talbot O'Doogan,9852 Arizona Drive,Des Moines,IA,50320
Adamo Ghion,23736 Del Sol Hill,San Francisco,CA,94142
Freddi Gatward,3608 Bellgrove Street,Raleigh,NC,27626
Janeen McGlashan,8 Granby Trail,Rochester,NY,14619
Jessamine Fermer,03822 Corben Circle,Tampa,FL,33615
Ibrahim Birtles,040 Heffernan Place,Albuquerque,NM,87201
Gaye Shildrake,2615 Jana Way,Hartford,CT,06160
Jewel Hovard,08 Lindbergh Avenue,El Paso,TX,88584
Iolande Dinsale,193 Rockefeller Trail,Washington,DC,20414
Waly Esom,41 Jana Junction,Dallas,TX,75379
Coralyn Blance,0 Merry Street,Amarillo,TX,79171
Lotte Tamlett,09 Hazelcrest Center,Pensacola,FL,32511
Gibbie Boncoeur,09 Kingsford Alley,Columbus,OH,43204
Raviv Toopin,13 Paget Court,Rochester,NY,14683
Shanta Missen,8638 Bonner Lane,Akron,OH,44329
Gaynor Tyrie,089 International Parkway,New Haven,CT,06520
Cicily Redhouse,5575 Logan Pass,Sacramento,CA,94273
Colman Cortnay,1 Arrowood Trail,Palm Bay,FL,32909
Caroljean Healks,67031 Victoria Junction,Houston,TX,77020
Klarika Glisane,5230 Twin Pines Terrace,Saint Paul,MN,55146
Heloise Richemond,2942 Ronald Regan Alley,Valley Forge,PA,19495
Adele Ridd,750 Fulton Avenue,Ogden,UT,84409
Audrey Bottomley,344 David Pass,Charlotte,NC,28210
Leslie Bulman,9619 Northview Trail,New Orleans,LA,70179
Rafferty Wagg,7 Nancy Center,Nashville,TN,37228
Keelby Godmer,09890 Old Gate Place,Pittsburgh,PA,15215
Nessi Lukovic,84310 Harbort Junction,Chicago,IL,60681
Niels Twyning,111 Bobwhite Plaza,Irvine,CA,92612
Obie Glandfield,2135 Blackbird Pass,Winston Salem,NC,27150
Richy Setterthwait,881 Menomonie Terrace,Tacoma,WA,98464
Haroun Dowears,17 Oriole Pass,Raleigh,NC,27690
Fabien Clifton,8 Brickson Park Lane,Providence,RI,02905
Tybalt Benoit,65 Drewry Way,Mobile,AL,36616
Korie Minkin,59058 Hudson Road,New Haven,CT,06538
Minerva Tilburn,22 Moulton Park,Fresno,CA,93786
Sisile Reihill,0 Loftsgordon Road,Washington,DC,20442
Rufus Yearby,79792 Utah Circle,Oakland,CA,94616
Tudor Sommerfeld,37844 Truax Terrace,Pensacola,FL,32526
Jaime Pepperd,84552 Brown Avenue,Nashville,TN,37205
Oberon Neicho,3 Elka Road,Idaho Falls,ID,83405
Creighton Tuffley,37 Porter Hill,Oklahoma City,OK,73190
Ki Tydeman,52971 Dahle Circle,Bethesda,MD,20816
Cristine Slimm,15367 Heffernan Lane,Shreveport,LA,71130
Olivette Rubert,522 Anhalt Avenue,Waterbury,CT,06721
Horton Stuchburie,8 Kim Alley,Houston,TX,77218
Abeu Suddick,1554 Granby Plaza,Atlanta,GA,31136
Philis Brockelsby,40 Comanche Crossing,Spartanburg,SC,29305
Humfrey Tremblot,75 Montana Junction,Pittsburgh,PA,15255
Trip Baldwin,2865 Northland Circle,Salem,OR,97312
Filmer Jentet,7119 Messerschmidt Terrace,New York City,NY,10203
Fransisco Crepel,199 Sheridan Crossing,Tallahassee,FL,32309
Trudie Pemberton,02 Lakeland Trail,Dallas,TX,75241
Mauricio Goley,8560 Erie Lane,Greenville,SC,29605
Austina Schneider,36757 Barnett Trail,Saint Paul,MN,55127
Bernadine Kiellor,553 Sundown Center,Albany,NY,12242
Joane Lewis,2675 Sycamore Street,Dallas,TX,75205
Bengt Dibley,0 Orin Terrace,Davenport,IA,52804
Ethelbert Attock,75965 Kropf Center,Saint Louis,MO,63158
Willette Goade,79835 Packers Way,Fort Pierce,FL,34949
Sabra Gudgeon,26595 Beilfuss Trail,Houston,TX,77090
Ronica Rotchell,95399 Dovetail Lane,El Paso,TX,79928
Dalt Ragbourne,4 Continental Terrace,Miami,FL,33134
Amii Sherwood,3 Katie Pass,Austin,TX,78749
Geno Ivashin,34394 Forest Parkway,Tucson,AZ,85715
Herta Huard,33584 Corscot Plaza,Wilmington,DE,19805
Lane Ching,442 Manitowish Terrace,Greenville,SC,29610
Verla Matovic,5 Montana Crossing,Columbus,GA,31914
Kirbie Haughey,9 Springs Place,Charlotte,NC,28272
Benton Durdan,0 Gale Alley,Winston Salem,NC,27110
Grayce Petrie,2 Corscot Center,Berkeley,CA,94705
Gwenni Schowenburg,85 Mariners Cove Point,Sacramento,CA,95852
Yuri Cumberlidge,279 Kennedy Drive,Lubbock,TX,79405
Molly Grangier,1942 Messerschmidt Road,Flint,MI,48505
Brendon Oldrey,1 Forest Run Point,Marietta,GA,30061
Betti Ruusa,3784 Helena Lane,Des Moines,IA,50362
Wilek Record,543 Sage Street,Long Beach,CA,90840
Maitilde Lodford,2196 Calypso Pass,Shawnee Mission,KS,66220
Wilie Krollman,33 Prairie Rose Alley,Seattle,WA,98121
Della Whitelock,55550 Pierstorff Alley,Atlanta,GA,31136
Ilse Perett,2929 Golf Course Plaza,Raleigh,NC,27635
Kristoforo Dews,522 Manufacturers Avenue,Evansville,IN,47705
Olenka Finlater,487 Moose Lane,Lancaster,PA,17622
Julius Crosseland,1560 Bobwhite Drive,Albany,NY,12247
Georgine Minshall,1018 Huxley Park,Shreveport,LA,71151
Lexie Coonan,28450 1st Court,Los Angeles,CA,90035
Mitchell Morten,20 Darwin Center,New Orleans,LA,70174
Ilse Broek,57712 Canary Plaza,Valdosta,GA,31605
Kizzie Streeton,8475 Anderson Park,Sacramento,CA,95865
Laurent Stebbins,8337 Luster Hill,Honolulu,HI,96825
May Donovan,07748 Drewry Center,Cleveland,OH,44130
Holly Elderfield,54 Sauthoff Circle,Portland,OR,97286
Kellie Hugland,72975 Westridge Street,Charlottesville,VA,22908
Livvyy Consterdine,949 Milwaukee Street,San Antonio,TX,78265
Garrick Dietz,565 Dennis Point,Birmingham,AL,35210
Radcliffe Dennerley,3849 Manitowish Parkway,Falls Church,VA,22047
Levin Cardis,734 Blaine Drive,Longview,TX,75605
Lorrayne Merrigans,77535 Harper Plaza,Arlington,VA,22234
Randell Pena,5 Raven Hill,Pasadena,CA,91125
Sigmund Androck,529 Aberg Point,New Bedford,MA,02745
Briny Fidelli,07 Manufacturers Road,Myrtle Beach,SC,29579
Julita Pott,13469 Northview Place,Arlington,TX,76096
Salem Snalham,73821 Graceland Trail,Hamilton,OH,45020
Bibbie Martellini,6087 John Wall Hill,Portland,OR,97296
Thibaud Ilem,2714 Basil Place,Houston,TX,77228
Gib Rittmeier,92524 Park Meadow Place,Bakersfield,CA,93399
Meriel Hourihan,578 Mockingbird Pass,Saint Louis,MO,63110
Emery Calleja,3 Judy Lane,Richmond,VA,23277
Greta Gransden,24 Leroy Circle,Cleveland,OH,44118
Yorker Beers,43 Mifflin Road,Louisville,KY,40293
Giovanni Chill,70 Express Drive,Grand Rapids,MI,49560
Sherye Stayte,0 Commercial Point,Louisville,KY,40205
Ralf McAvinchey,8224 Blackbird Trail,Las Vegas,NV,89115
Hildagarde Faiers,99 Mallard Court,Lafayette,LA,70505
Antonius McKyrrelly,54 Hollow Ridge Pass,Biloxi,MS,39534
Tabbie Maulin,517 Mccormick Center,Denver,CO,80291
Holt Polk,531 Sage Park,Cincinnati,OH,45271
Kendal Dumbare,4 Muir Terrace,Brockton,MA,02405
Samantha Novic,016 New Castle Crossing,Trenton,NJ,08603
Kip Meyrick,23616 Mariners Cove Parkway,Bronx,NY,10474
Neale Androletti,0 Lake View Terrace,New York City,NY,10203
Dawna Stachini,51909 Golf Crossing,Naples,FL,34114
Deanne Malcher,74 Erie Alley,Buffalo,NY,14276
Bren Hazelgreave,7271 Loeprich Avenue,Bronx,NY,10464
Kylie MacMakin,35 Mesta Terrace,Los Angeles,CA,90050
Katee Stent,32266 Holy Cross Road,Lexington,KY,40546
Lucienne Armitt,43 Homewood Avenue,Atlanta,GA,31106
Pierre Enoch,73506 Melrose Avenue,Las Vegas,NV,89166
Bank Willarton,7 Milwaukee Hill,Rochester,NY,14619
Othella Purvis,29462 Caliangt Trail,Tacoma,WA,98442
Verne Bowerbank,55 Sheridan Plaza,San Diego,CA,92137
Sergio Waadenburg,23 Delladonna Plaza,Reno,NV,89510
Dorey Kordt,1548 Algoma Center,Panama City,FL,32405
Ki Kelledy,51652 Orin Hill,Atlanta,GA,30386
Yorgo Kirton,8872 Holmberg Hill,Atlanta,GA,30351
Kirk Gooderson,4 Ilene Trail,Evansville,IN,47712
Romain Inglefield,20 Meadow Valley Plaza,Chicago,IL,60681
Allsun Stedall,9632 Crescent Oaks Avenue,Minneapolis,MN,55458
Mac BURWIN,21 Loomis Plaza,Huntington,WV,25709
Quinn Ledgister,757 Heffernan Lane,Gadsden,AL,35905
Wernher Woolatt,97267 Marquette Crossing,Oxnard,CA,93034
Celestine Lile,62144 Petterle Drive,Athens,GA,30605
Kerwin Jandac,8068 Namekagon Junction,Charlotte,NC,28256
Clevie Rosenstiel,805 Paget Road,Jersey City,NJ,07310
Beale Olohan,9 Burrows Center,Oklahoma City,OK,73114
Goldia Darrigone,0285 Sunnyside Road,Chico,CA,95973
Tabatha Acott,87379 Pepper Wood Street,Columbus,OH,43268
Patten Morde,95187 Texas Drive,Seattle,WA,98175
Lyndsey Westoff,796 Moulton Plaza,Wichita,KS,67220
Hyacinthie Whebell,29297 Barby Parkway,Saint Petersburg,FL,33710
Perry Anthoney,55 Dahle Pass,Macon,GA,31296
Goldy Neve,80 Oak Valley Park,El Paso,TX,79999
Laurel Rihanek,7 Lunder Alley,Saint Louis,MO,63158
Donnajean Wilflinger,14116 Bashford Lane,Metairie,LA,70005
Hobard Bassill,30466 Buena Vista Center,Amarillo,TX,79116
John Headon,15637 Jenifer Park,Ashburn,VA,22093
Margi Obey,60 Farragut Place,Bakersfield,CA,93311
Nanine Seeks,7886 Village Green Junction,Philadelphia,PA,19115
Dean Grills,845 Rusk Way,Colorado Springs,CO,80951
Brenn Dunniom,19379 Pine View Road,Palmdale,CA,93591
Yance Sheilds,7783 Brown Way,Birmingham,AL,35279
Emelina Petrol,51314 Schmedeman Crossing,Grand Rapids,MI,49518
Lila Carress,299 Anzinger Circle,Inglewood,CA,90398
Kylen Burridge,12640 Eagan Drive,Pittsburgh,PA,15279
Neville Roarty,91 Ridge Oak Alley,Des Moines,IA,50315
Bibi Girauld,5293 Banding Center,Charlotte,NC,28263
Shani Lobell,20574 Becker Crossing,San Diego,CA,92196
Kaila Finden,7 Mcguire Drive,Irvine,CA,92612
Horten Hands,5 Clove Trail,Roanoke,VA,24014
Felita Woolrich,3 Westridge Junction,Louisville,KY,40225
Vickie Coleman,850 Cody Hill,Pittsburgh,PA,15215
Pam Heddy,361 Ohio Lane,New Orleans,LA,70116
Haley Farlam,2649 Harbort Crossing,San Francisco,CA,94159
Moise Leverington,135 Ridgeview Crossing,Boise,ID,83711
Alfreda Coade,9 Walton Court,Dayton,OH,45414
Shelden Arnot,3095 Heffernan Alley,Saint Paul,MN,55115
Linoel Idell,5 Scoville Drive,Mountain View,CA,94042
Karena Downs,30128 Barby Street,Akron,OH,44393
Davida Spata,10217 Arkansas Circle,Huntington,WV,25716
Shepperd Broek,0 Autumn Leaf Point,Evansville,IN,47737
Bendick Hoff,026 Pond Avenue,Houston,TX,77276
Avie Henrichs,67048 Division Road,Naples,FL,34102
Emalia Feek,08785 Union Alley,Los Angeles,CA,90050
Rafe Andell,44479 Service Parkway,Salt Lake City,UT,84125
Caz Doudney,240 Bayside Plaza,Fort Worth,TX,76198
Lira Irvin,8251 Almo Drive,Canton,OH,44760
Huberto Nisbith,6266 Nancy Court,Houston,TX,77260
Juliann Trebbett,38 Warrior Junction,Houston,TX,77015
Tomas Grishkov,92678 Comanche Junction,Norfolk,VA,23509
Ikey Terbruggen,4 Lighthouse Bay Drive,Houston,TX,77288
Margareta Kindred,59066 Elgar Park,Cumming,GA,30130
Allissa Vasiliu,97 Bobwhite Drive,Boise,ID,83711
Linnie Iveagh,8830 American Plaza,Schenectady,NY,12305
Dorie Harkes,40 Pennsylvania Court,Las Vegas,NV,89178
Wenona Brash,0803 Acker Park,Springfield,OH,45505
Dore Etoile,259 Lighthouse Bay Hill,Hayward,CA,94544
Celie Turnbull,271 Center Street,San Diego,CA,92196
Francene Paolotto,930 Mccormick Point,Richmond,VA,23293
Norrie Seeborne,0756 Maryland Point,Beaumont,TX,77705
Lurleen Margarson,7 Lawn Alley,San Francisco,CA,94159
Jeremias Guilaem,7 Oxford Pass,Chattanooga,TN,37450
Ellswerth Crix,90 Killdeer Avenue,Tampa,FL,33673
Spense Frostick,0579 Harbort Trail,Winston Salem,NC,27157
Patric Feeny,2595 Gale Center,Omaha,NE,68164
Joan Janczewski,8 Warrior Avenue,Saint Paul,MN,55172
Rupert O'Scollee,53055 Vahlen Alley,Lexington,KY,40524
Byrann Conford,85282 Onsgard Alley,Anderson,SC,29625
Laurie Keeney,84055 Spaight Alley,Kansas City,KS,66112
Kelila Fawckner,544 Gale Drive,Hartford,CT,06120
Trista Mityakov,6063 3rd Park,Richmond,VA,23260
Konstantine Jodkowski,93901 South Pass,Pittsburgh,PA,15255
Andrea Mayoral,69765 Grim Road,Green Bay,WI,54313
Enrichetta Ludlem,10 Novick Drive,Akron,OH,44310
Jasmina Beasley,1583 Kingsford Alley,Austin,TX,78754
Ragnar Gouldeby,6 Haas Trail,Las Cruces,NM,88006
Pepi Bastian,5 Algoma Center,North Las Vegas,NV,89087
Devina Aveline,5 Cody Trail,College Station,TX,77844
Sayers Bourcq,54043 Melvin Place,Cincinnati,OH,45243
Bambi Harrigan,6116 Birchwood Way,Topeka,KS,66629
Tomasina Eydel,9 Goodland Terrace,El Paso,TX,79916
Betsey Oloman,93 Lillian Parkway,Orlando,FL,32859
Hastings Kemell,0116 Ludington Plaza,El Paso,TX,88584
Nadine Connealy,30323 Russell Avenue,Orlando,FL,32813
Shem Camacho,070 Sunbrook Street,Tucson,AZ,85754
Edyth Kirkam,8 Miller Street,Kansas City,MO,64114
Arleyne Palser,254 Northwestern Circle,Kansas City,MO,64149
Bess Luxon,5 Bartillon Trail,Albuquerque,NM,87201
Dianemarie Glynn,897 Jana Avenue,Marietta,GA,30066
Carrol Trebble,4268 Esker Drive,Racine,WI,53405
Myrtle Karadzas,85 Hauk Point,Daytona Beach,FL,32118
Kirby Sambells,5735 Oneill Avenue,Miami,FL,33175
Jonas Boichat,58648 School Circle,Lynchburg,VA,24503
Haslett Tomaszczyk,08251 Cody Alley,Trenton,NJ,08650
Ali Melbert,20726 Upham Drive,Mount Vernon,NY,10557
Rosella Fielder,62 Center Park,Washington,DC,20226
Krystal Hyndes,42 Hagan Avenue,Houston,TX,77293
Royal Carnilian,593 Clemons Court,Bakersfield,CA,93399
Merle Lethbury,1 Forest Trail,Tampa,FL,33633
Charlot Lambert-Ciorwyn,609 Fulton Place,Washington,DC,20551
Fidelity Tubby,0362 Prairie Rose Lane,Spring Hill,FL,34611
Ynez Bonnesen,40237 Jay Point,El Paso,TX,79977
Christoper Lindenfeld,67995 Stuart Junction,San Jose,CA,95194
Lou Wolfers,2679 Upham Pass,Lexington,KY,40591
Elke Igglesden,5793 Rockefeller Circle,Cincinnati,OH,45218
Toby Dussy,92 Farragut Plaza,Pasadena,TX,77505
Cele Cowgill,1679 Nevada Court,Schenectady,NY,12325
Sheryl Conradsen,75333 Forest Run Road,Oakland,CA,94605
Grata Wattins,76215 Graedel Junction,Oakland,CA,94616
Ferdinand Tomisch,22009 Dahle Trail,Oklahoma City,OK,73167
Carce Leckie,4587 Saint Paul Street,Des Moines,IA,50981
Ora Marle,95 Northridge Avenue,Peoria,IL,61629
Esdras Bellanger,78 Tennyson Point,Charlotte,NC,28220
Charlean Nollet,2615 Bay Crossing,Pasadena,CA,91186
Emmi Ducker,4 Heath Alley,Austin,TX,78721
Krysta Yanyshev,58636 Buena Vista Parkway,Washington,DC,20268
Aile Raiment,5 Grasskamp Parkway,Fort Lauderdale,FL,33305
Arny Esch,1 Hauk Drive,Anchorage,AK,99517
Gelya Labern,723 Gale Trail,Santa Ana,CA,92725
Fredek Jostan,8240 Dottie Alley,Greensboro,NC,27404
Phyllida Youens,737 Bluestem Lane,Sioux City,IA,51110
Doralia Geale,8 Oak Parkway,Milwaukee,WI,53210
Emmie McSpirron,6588 Rigney Drive,Springfield,VA,22156
Gardie Egan,72146 Mccormick Circle,Mc Keesport,PA,15134
Deeann Bailiss,5644 Barby Pass,Greenville,SC,29615
Alison Drohan,34777 6th Lane,Battle Creek,MI,49018
Devonna Stockings,7608 Bluestem Road,Chicago,IL,60614
Durward Limrick,775 Monica Trail,San Francisco,CA,94177
Carmine Amys,56587 Manitowish Place,Tucson,AZ,85715
Barnebas Lintot,114 Forest Dale Park,Bronx,NY,10459
Trish Liffe,3 Debs Way,Mobile,AL,36689
Carmencita Cundey,64 Algoma Plaza,Boise,ID,83732
Kendal Jouhan,3 Green Ridge Terrace,Lake Charles,LA,70616
Melodee Avison,280 Acker Drive,Phoenix,AZ,85040
Langsdon Lawty,7 Chinook Avenue,Phoenix,AZ,85062
Maximilian Neads,636 Roxbury Alley,Atlanta,GA,30386
Viki Firbank,9782 Sherman Pass,Huntington,WV,25726
Madalyn Hardbattle,6793 Welch Park,Sacramento,CA,94273
Nike Hughlock,14 Sullivan Circle,San Francisco,CA,94169
Cecily Housam,86 John Wall Point,Elizabeth,NJ,07208
Lewie Davitti,2 Sachtjen Street,Saint Paul,MN,55127
Urbanus Kondratowicz,73 Kenwood Pass,Nashville,TN,37210
Phillie Marnes,152 2nd Center,Savannah,GA,31405
Eba Eastes,08 Eastlawn Plaza,New York City,NY,10105
Ainslie Jekel,9 Eastlawn Alley,Tucson,AZ,85748
Andros Vanderson,42345 Packers Alley,Spring Hill,FL,34611
Seth Marshman,1 Hoard Point,Springfield,MO,65810
Jarad Weymouth,18 Dennis Avenue,Indianapolis,IN,46278
Lorilee Bloan,1056 Dennis Place,Johnstown,PA,15906
Lief Jozef,99688 Lakewood Gardens Lane,Riverside,CA,92519
Boycie Walas,354 Shasta Alley,Boca Raton,FL,33499
Frederigo Ricson,05 Rieder Pass,Pasadena,CA,91199
Ronnie Wychard,3446 Butterfield Parkway,Alexandria,VA,22309
Merissa Matijasevic,0684 Harper Trail,Cincinnati,OH,45271
Brewster Compston,8717 Sullivan Drive,Stockton,CA,95210
Merrilee McQuirter,3358 Weeping Birch Pass,Asheville,NC,28805
Debra Cozens,867 Duke Crossing,Birmingham,AL,35205
Nora Andreia,537 Paget Parkway,Asheville,NC,28815
Waneta Hundey,4 Cody Place,Levittown,PA,19058
Valera Titterton,32278 Mallard Trail,Colorado Springs,CO,80945
Mike Yakobovitz,87681 Namekagon Street,New York City,NY,10045
Gail Sex,54923 Iowa Park,Montgomery,AL,36119
Andre Loving,71 Melrose Circle,Flint,MI,48550
Linet Petruk,45004 Dennis Crossing,Orlando,FL,32830
Wilhelm Tatchell,0 6th Terrace,New York City,NY,10034
Isa Aldham,54103 Rockefeller Way,Birmingham,AL,35220
Bibbie Tollett,24 Forster Park,Richmond,VA,23289
Collen Penas,4 Jana Park,Athens,GA,30605
Mathilde Berrane,40 Farwell Plaza,Detroit,MI,48232
Cosmo Neat,72563 Kennedy Crossing,Tulsa,OK,74141
Shep Valek,786 Duke Terrace,Young America,MN,55573
Lionello Wyllie,91 Stephen Court,Arlington,TX,76011
Woodman Steynor,73 Leroy Terrace,Washington,DC,20404
Waverley English,69 Kim Drive,Billings,MT,59105
Chicky Carbert,40872 Maple Wood Center,San Jose,CA,95194
Maybelle Limon,45064 Anderson Crossing,Oakland,CA,94616
Maje Jollie,89155 Anhalt Pass,Sacramento,CA,94237
Mollie Gobert,533 Badeau Drive,Atlanta,GA,30316
Genia Woolvett,00 Carberry Center,Lincoln,NE,68505
Vinnie Dalton,4 Corry Junction,Las Vegas,NV,89166
Zollie Willingam,79825 Onsgard Avenue,Jefferson City,MO,65110
Cordie Barten,394 Vermont Plaza,Alexandria,VA,22301
Frans Scouler,64239 Dottie Drive,Portland,OR,97296
Aggi Guidera,8258 Sunbrook Point,Springfield,MA,01105
Lionel Mattheissen,24 Burning Wood Avenue,Phoenix,AZ,85062
Carolann McCreery,116 Michigan Place,Nashville,TN,37245
Brittaney Brecon,772 Banding Alley,Honolulu,HI,96840
Shana Alsford,262 Burrows Plaza,Springfield,MA,01129
Valentine MacCostigan,0 Hermina Drive,Chico,CA,95973
Modesta Gynn,089 Dunning Hill,Miami,FL,33180
Waite Romaine,47853 Stephen Point,Springfield,IL,62794
Teodoro Troillet,03200 Dahle Park,Evansville,IN,47732
Elberta Rosenau,43 Muir Circle,Buffalo,NY,14205
Michelle Butterley,12328 Cascade Street,Houston,TX,77255
Frans Von Helmholtz,83 Heath Plaza,Harrisburg,PA,17121
Warde Eteen,59475 Ryan Terrace,Winter Haven,FL,33884
Kendra Rattrie,799 Fairview Avenue,Kansas City,MO,64149
Trix Roscrigg,99450 Messerschmidt Drive,Oklahoma City,OK,73135
Shaine Strong,238 Springs Pass,Brooklyn,NY,11236
Brennen Etheridge,83099 Twin Pines Terrace,Pittsburgh,PA,15261
Carly Kwietek,19921 Stang Circle,Jackson,MS,39216
Ileana Forte,9 8th Junction,Spring Hill,FL,34611
Corrie Kamall,97 Grayhawk Lane,Bronx,NY,10464
Khalil Peile,246 Mandrake Pass,Bethesda,MD,20816
Kirsteni Culshaw,1602 Ramsey Center,Los Angeles,CA,90101
Vilma Riddlesden,5101 8th Lane,Salinas,CA,93907
Kaylyn Ritter,9 Sauthoff Plaza,Milwaukee,WI,53263
Lisette Haestier,609 Pond Circle,Columbus,OH,43268
Joelie Willoway,4 Goodland Road,Minneapolis,MN,55407
Ted Reinard,0 Ludington Terrace,Albuquerque,NM,87110
Fitz Bathoe,90625 Buhler Drive,Detroit,MI,48242
Norri Pedrollo,6290 Almo Alley,Shawnee Mission,KS,66215
Cassandry McDougall,41624 Crownhardt Park,Mobile,AL,36605
Ivonne Corfield,9133 Upham Circle,Stockton,CA,95298
Gawen Copner,96947 Meadow Ridge Junction,Sioux Falls,SD,57198
Dukie Tregian,5426 4th Terrace,Richmond,VA,23242
Fitz Lelande,30402 Briar Crest Point,Knoxville,TN,37924
Natty Batha,7 Granby Street,Charleston,SC,29411
Pammie Aiton,68 Melody Park,Kansas City,KS,66112
Carolus Garnham,7 Park Meadow Court,Cincinnati,OH,45233
Ben Jedrych,87 Hazelcrest Street,Naples,FL,34114
Nickie Eayrs,21 Helena Place,Erie,PA,16534
Rufus Jencken,16395 Morningstar Street,Los Angeles,CA,90094
Muhammad Cuckoo,2011 Merchant Terrace,Houston,TX,77245
Kimberley Dunsford,0122 Browning Way,Detroit,MI,48232
Normie Banbury,6381 Valley Edge Place,San Jose,CA,95138
Reed Straneo,09 Green Lane,Garland,TX,75044
Diahann Tapp,129 Coleman Trail,Lexington,KY,40515
Ugo Becken,208 Main Lane,El Paso,TX,79955
Mabelle Mignot,6617 Farmco Way,Hialeah,FL,33013
Annadiane Mandrey,92 Glacier Hill Crossing,Oklahoma City,OK,73135
Billy Snugg,68 Nelson Street,Winston Salem,NC,27116
Parnell Lisciandro,6 Pepper Wood Point,El Paso,TX,88525
Moises Rentilll,545 Comanche Point,Chula Vista,CA,91913
Elnora Brotherhead,1677 Warbler Street,San Antonio,TX,78225
May Landal,355 Susan Street,Santa Fe,NM,87505
Riordan Trustie,01935 Comanche Point,Lexington,KY,40576
Kile Gonsalvo,94 Pond Way,Billings,MT,59112
Thaxter Mathis,17 Jenifer Court,Knoxville,TN,37924
Camella Dearle-Palser,739 Northwestern Trail,New Orleans,LA,70124
Vaughan Gunter,85931 Melby Junction,Washington,DC,20580
Manfred Seger,610 Old Gate Trail,Seattle,WA,98140
Leeanne Rainer,7 Larry Terrace,Albany,NY,12247
Kata Claris,34 Dwight Lane,Syracuse,NY,13205
Lizabeth Andras,68650 Logan Park,Aurora,CO,80044
Walsh Giorgi,01 Sommers Pass,Minneapolis,MN,55423
Junia Bruineman,41323 Briar Crest Way,Pompano Beach,FL,33069
Gregoor Sainsbury-Brown,88 Melvin Parkway,Santa Cruz,CA,95064
Felice Ballaam,2 Hooker Alley,East Saint Louis,IL,62205
Arnuad Malby,49 Sullivan Alley,New Orleans,LA,70183
Wanda Sautter,6819 6th Way,Saginaw,MI,48609
Margalo Tree,67711 Aberg Place,Columbus,MS,39705
Porty Allingham,2808 Northwestern Point,Boston,MA,02119
Rollo MacIlriach,819 Tony Alley,Tampa,FL,33605
Nessa Blinman,725 Farragut Terrace,Oklahoma City,OK,73157
Crystal Emeny,905 Canary Lane,Santa Ana,CA,92725
Doria Howison,73 Holmberg Avenue,Trenton,NJ,08638
Giff Haversum,5 Loomis Lane,Kansas City,MO,64179
Hulda Bricksey,7 Debra Pass,Miami,FL,33158
Sammie Danko,78266 Corscot Point,Amarillo,TX,79188
Paula Falk,20343 Prairie Rose Street,Bozeman,MT,59771
Felix Yanne,18 Toban Drive,Phoenix,AZ,85015
Sergio Chastelain,105 Lakewood Gardens Hill,Washington,DC,20073
Jeannine Trippick,16528 Clemons Terrace,Modesto,CA,95354
Clarie Phayre,40685 Sunfield Pass,Los Angeles,CA,90010
Codie Reuss,7014 Claremont Way,San Diego,CA,92176
Abie Mott,8248 Summer Ridge Pass,Birmingham,AL,35295
Obie Chaloner,2 Schurz Crossing,Merrifield,VA,22119
Olav Ecclesall,706 Eliot Court,Atlanta,GA,30340
Rosita Gilffillan,730 Maple Center,Chicago,IL,60691
Tracey Tigwell,92955 Doe Crossing Crossing,Hagerstown,MD,21747
Marlyn Furzer,946 Iowa Plaza,Flushing,NY,11388
Liuka Redding,092 Dennis Drive,Buffalo,NY,14205
Timoteo Bucktharp,3 Parkside Avenue,Louisville,KY,40280
Rosamund Playfair,099 Acker Lane,Aurora,CO,80044
Der Bortolini,947 Dawn Lane,Akron,OH,44315
Juliet Challenor,1 Sycamore Circle,Vero Beach,FL,32964
Ty Spellacy,967 Derek Court,Scottsdale,AZ,85260
Kendell Mac Giany,33850 Carpenter Way,Palm Bay,FL,32909
Pat Griffiths,2 Stoughton Place,San Francisco,CA,94116
Roz Trevorrow,957 Magdeline Drive,Richmond,CA,94807
Irving Benoist,26 Bowman Center,Jamaica,NY,11447
Maximo McGorley,5 Golf View Junction,Tucson,AZ,85715
Anallese O'Luby,1 Merchant Hill,Charleston,WV,25336
Brok Maitland,5 Gale Avenue,Ann Arbor,MI,48107
Peg Peris,33196 Di Loreto Circle,New York City,NY,10150
Seymour Skone,45 Prairieview Terrace,Chicago,IL,60657
Patti Dionisio,5 Pleasure Circle,Baton Rouge,LA,70826
Heda Dumbelton,30794 Anthes Parkway,Simi Valley,CA,93094
Joeann Knee,54 Troy Court,Houston,TX,77045
Angelique Cescot,2308 Russell Circle,Naples,FL,33963
Astrix Baudts,48587 Westport Place,Louisville,KY,40205
Stephana Verrillo,09 Kingsford Street,Atlanta,GA,30386
Lewie Driutti,1 6th Place,Roanoke,VA,24040
Steven Borrie,0127 Farmco Hill,Gatesville,TX,76598
Kaine Annear,54 Hollow Ridge Street,Young America,MN,55551
Griffy Holywell,299 Johnson Road,Ogden,UT,84403
Hirsch Pawle,714 Northport Road,Modesto,CA,95354
Brendan Tunnicliff,3 Clarendon Crossing,Philadelphia,PA,19115
Joelle Frobisher,5869 Manufacturers Junction,Canton,OH,44760
Shaylynn Messier,665 Anthes Street,Peoria,IL,61651
Isac Trowill,2993 Loomis Court,Cedar Rapids,IA,52410
Kacey Dearlove,36975 Eastwood Avenue,Amarillo,TX,79182
Mariejeanne Sanchez,253 Elgar Avenue,Oklahoma City,OK,73157
Brandea Lamminam,92 Golden Leaf Point,Orlando,FL,32885
Doralia Brunelli,4538 Ohio Road,Lawrenceville,GA,30245
Percival Tappin,281 Kropf Street,Bozeman,MT,59771
Rodolph Maleck,541 7th Plaza,Gastonia,NC,28055
Herschel Gorch,8 Main Place,Boise,ID,83727
Dru Samweyes,93 Evergreen Lane,Akron,OH,44393
Juliann Warlow,6 Leroy Pass,Minneapolis,MN,55423
Fayina Carse,2371 Clarendon Street,Augusta,GA,30919
Ginger Whatson,45 Packers Court,Sacramento,CA,94250
Valida Gerran,2553 Sutherland Way,Saint Paul,MN,55188
Reine Sobieski,1 Hoffman Court,Alhambra,CA,91841
Marita Allnutt,2189 Clove Street,Houston,TX,77218
Janelle Gillum,86 Shasta Way,Syracuse,NY,13205
Lina Kinningley,504 Esker Lane,Albany,NY,12255
Alys de Broke,47884 West Way,Washington,DC,20319
Matilda Abley,85494 Golden Leaf Alley,Brooklyn,NY,11231
Ines Dallinder,860 Brentwood Road,Jacksonville,FL,32259
Keriann Gerren,0 Grayhawk Point,Palm Bay,FL,32909
Marjory Penhalurick,289 Parkside Point,Sarasota,FL,34276
Isahella Jaukovic,205 Harbort Crossing,Charlotte,NC,28284
Janna Philot,7717 Eastlawn Court,Saint Louis,MO,63180
Clay Wickham,16 Northfield Pass,Metairie,LA,70005
Felicity Suart,877 Buena Vista Avenue,New York City,NY,10120
Maurine Clemits,5 Hudson Center,Chattanooga,TN,37405
Angela Douche,6090 Warner Point,Green Bay,WI,54305
Giorgia Hulse,07 Melrose Court,Cleveland,OH,44185
Quincy Filipic,49896 Corry Place,Sarasota,FL,34233
Viki Hradsky,31924 East Crossing,San Francisco,CA,94116
Gal Powers,46516 Cardinal Road,Birmingham,AL,35295
Xever Baildon,0734 Schmedeman Drive,Seattle,WA,98148
Nathaniel Daviot,6 Welch Drive,Norfolk,VA,23504
Gustave Lissandri,5536 Brentwood Terrace,South Bend,IN,46614
Devlen Barthelme,3 Portage Plaza,Kansas City,MO,64190
Karita Baxter,934 Hoepker Junction,Erie,PA,16505
Bruce Winny,61899 Glendale Center,Fort Worth,TX,76134
Ardene Michelmore,8411 Daystar Circle,Sioux Falls,SD,57198
Koressa Dignall,20 Miller Center,Phoenix,AZ,85035
Kort Dermot,0678 Schurz Pass,Beaverton,OR,97075
Britt Ludy,34540 Carpenter Street,Fairfield,CT,06825
Hillier Amaya,449 Heffernan Parkway,Hampton,VA,23663
Ulrich Bischof,0 Hanson Crossing,Dearborn,MI,48126
Carly Hammerson,9802 Commercial Avenue,Nashville,TN,37220
Anna-maria Vell,820 Crescent Oaks Pass,Lexington,KY,40524
Catie Meineken,3815 Transport Plaza,Oxnard,CA,93034
Anselm Cristoferi,8 Hintze Point,Salt Lake City,UT,84170
Jerald Penk,738 Homewood Court,Memphis,TN,38168
Odetta Duigan,79 Logan Parkway,Fort Pierce,FL,34949
Richart Tamsett,10 Warbler Center,Myrtle Beach,SC,29579
Harriot Livett,99 Elgar Pass,Youngstown,OH,44555
Prent Dodridge,8 Arrowood Plaza,Lynn,MA,01905
Ingemar Depper,465 Moose Drive,Washington,DC,20546
Leeann Guitton,11990 Tomscot Road,Conroe,TX,77305
Avivah Blasli,734 Cordelia Terrace,Philadelphia,PA,19191
Hanna Domelaw,251 Elmside Drive,Topeka,KS,66617
Bernardine Tringham,38 Monica Parkway,El Paso,TX,88525
Selene Tuting,23 Moland Junction,Charleston,WV,25331
Haily Avent,89 Straubel Lane,Salt Lake City,UT,84135
Bay Loxly,4 Washington Park,Brooklyn,NY,11210
Nickie Llewellin,13 Starling Crossing,Hartford,CT,06120
Tristam Maypes,7874 Moulton Place,Baltimore,MD,21290
Herta Setterthwait,2494 Bluestem Trail,Bronx,NY,10459
Inessa Wackett,60155 Holmberg Point,Madison,WI,53785
